{
	"class_name" : "PinholeCameraParameters",
	"extrinsic" : 
	[
		-0.028001689486716285,
		-0.58840751023559124,
		0.80807951792149879,
		0.0,
		-0.99845883442647532,
		-0.022285711718834644,
		-0.050826203959269733,
		0.0,
		0.047915147308693652,
		-0.80825735316886393,
		-0.58687663925807165,
		0.0,
		0.043149930859018332,
		-0.35772959942897575,
		9.0092811854311812,
		1.0
	],
	"intrinsic" : 
	{
		"height" : 1024,
		"intrinsic_matrix" : 
		[
			886.81001347526535,
			0.0,
			0.0,
			0.0,
			886.81001347526535,
			0.0,
			1023.5,
			511.5,
			1.0
		],
		"width" : 2048
	},
	"version_major" : 1,
	"version_minor" : 0
}