{
	"class_name" : "PinholeCameraParameters",
	"extrinsic" : 
	[
		-0.00056693299883653694,
		-0.37915715077048584,
		0.92533212070401072,
		0.0,
		-0.99854095562038503,
		-0.049750210356914272,
		-0.020997059750620932,
		0.0,
		0.053996653004637199,
		-0.92399392400007152,
		-0.37857573862471289,
		0.0,
		0.52574149537828285,
		-0.53936438101200856,
		7.9932809367300166,
		1.0
	],
	"intrinsic" : 
	{
		"height" : 1500,
		"intrinsic_matrix" : 
		[
			1299.0381056766582,
			0.0,
			0.0,
			0.0,
			1299.0381056766582,
			0.0,
			1499.5,
			749.5,
			1.0
		],
		"width" : 3000
	},
	"version_major" : 1,
	"version_minor" : 0
}